Merchant Id,Transaction Type,Merchant Order Id,Merchant Reference Id,PhonePe Reference Id,Transaction UTR,Total Transaction Amount,Transaction Date,Transaction Status,UPI Amount,Wallet Amount,Credit card Amount,Debit card Amount,External Wallet Amount,EGV Amount,Store Id,Terminal Id,Store Name,Terminal Name,Instrument,RRN
M23QCXQVG8XBL,FORWARD_TRANSACTION,,AXI4639bac20d4246459a69671b43b217d2,T2608231813301583760451,660158155246,500.0,2026-08-23 18:13:30,COMPLETED,500.0,,,,,,MS2604151300332429781886,MST2604151738163549185100,More Than Me,Terminal 3,UPI,
M23QCXQVG8XBL,FORWARD_TRANSACTION,,HDFd7cade3509314b0084b7e4a19dbde5d1,T2608211807090685555507,128280207457,50.0,2026-08-21 18:07:09,COMPLETED,50.0,,,,,,MS2604151300332429781886,MST2604151738163549185100,More Than Me,Terminal 3,UPI,
M23QCXQVG8XBL,FORWARD_TRANSACTION,,ICIec63abd6e6ce4c768afc05f60ce0d66d,T2608211335153615314257,623304623447,500.0,2026-08-21 13:35:15,COMPLETED,500.0,,,,,,MS2604151300332429781886,MST2604151738163549185100,More Than Me,Terminal 3,UPI,
M23QCXQVG8XBL,FORWARD_TRANSACTION,,ICIWC6631C53175FE15AA2E6F61BB1627A8,T2608210819490090149960,110485617614,6.7,2026-08-21 08:19:49,COMPLETED,6.7,,,,,,MS2604151300332429781886,MST2604151738163549185100,More Than Me,Terminal 3,UPI,
M23QCXQVG8XBL,FORWARD_TRANSACTION,,AXISWC2D9CD596AA42825BB1B0E62C2FD2A,T2608210126387929105466,659901165418,1.69,2026-08-21 01:26:38,COMPLETED,1.69,,,,,,MS2604151300332429781886,MST2604151738163549185100,More Than Me,Terminal 3,UPI,
M23QCXQVG8XBL,FORWARD_TRANSACTION,TXSCAN2608202212130991228017,AC222608202212227252256583,T2608202212227390587693,373486790307,100.0,2026-08-20 22:12:25,COMPLETED,100.0,,,,,,MS2604151300332429781886,MST2604151738163549185100,More Than Me,Terminal 3,UPI,
M23QCXQVG8XBL,FORWARD_TRANSACTION,TXSCAN2608201704533656086260,AC222608201704587424856707,T2608201704587524558932,135922587569,1.0,2026-08-20 17:05:03,COMPLETED,1.0,,,,,,MS2604151300332429781886,MST2604151738163549185100,More Than Me,Terminal 3,RCC,
M23QCXQVG8XBL,FORWARD_TRANSACTION,TXSCAN2608201325530410071417,AC222608201326106501542279,T2608201326106624599169,715151168567,1.0,2026-08-20 13:26:13,COMPLETED,1.0,,,,,,MS2604151300332429781886,MST2604151738163549185100,More Than Me,Terminal 3,UPI,
M23QCXQVG8XBL,FORWARD_TRANSACTION,,SBIe9cc2cc844c545cf829f285f5bd49b16,T2608181749285260861140,623003168581,100.0,2026-08-18 17:49:28,COMPLETED,100.0,,,,,,MS2604151300332429781886,MST2604151738163549185100,More Than Me,Terminal 3,UPI,
M23QCXQVG8XBL,FORWARD_TRANSACTION,,HDFCWA8VCPYFRPF3T222222222222222222,T2608180950305654924383,128096547057,10.0,2026-08-18 09:50:30,COMPLETED,10.0,,,,,,MS2604151300332429781886,MST2604151738163549185100,More Than Me,Terminal 3,UPI,
M23QCXQVG8XBL,FORWARD_TRANSACTION,,AXISWC8FCA7974F80A670925F30F21F2CE8,T2608180037191921601974,659601109626,5.0,2026-08-18 00:37:19,COMPLETED,5.0,,,,,,MS2604151300332429781886,MST2604151738163549185100,More Than Me,Terminal 3,UPI,
M23QCXQVG8XBL,FORWARD_TRANSACTION,,01a00ad22e6b7b2ebb01f23eb09a132f,T2608161915419567650681,622887350703,7.0,2026-08-16 19:15:42,COMPLETED,7.0,,,,,,MS2604151300332429781886,MST2604151738163549185100,More Than Me,Terminal 3,UPI,
M23QCXQVG8XBL,FORWARD_TRANSACTION,,01a00ad0967671dbaf7f556ad5580da1,T2608161913575855591945,622887329323,46.0,2026-08-16 19:13:57,COMPLETED,46.0,,,,,,MS2604151300332429781886,MST2604151738163549185100,More Than Me,Terminal 3,UPI,
M23QCXQVG8XBL,FORWARD_TRANSACTION,,01a00ad02be6730da22fd75e98ff6e3a,T2608161913302638766959,622887323623,10.0,2026-08-16 19:13:30,COMPLETED,10.0,,,,,,MS2604151300332429781886,MST2604151738163549185100,More Than Me,Terminal 3,UPI,
M23QCXQVG8XBL,FORWARD_TRANSACTION,TXSCAN2608161903386775238272,AC222608161903422119856782,T2608161903422152054145,477423031722,100.0,2026-08-16 19:03:45,COMPLETED,100.0,,,,,,MS2604151300332429781886,MST2604151738163549185100,More Than Me,Terminal 3,UPI,
M23QCXQVG8XBL,FORWARD_TRANSACTION,,SBIdaa6604acb7241e5981140a2025d2a01,T2608161845525738851193,622895347187,2000.0,2026-08-16 18:45:52,COMPLETED,2000.0,,,,,,MS2604151300332429781886,MST2604151738163549185100,More Than Me,Terminal 3,UPI,
M23QCXQVG8XBL,FORWARD_TRANSACTION,,ICI136d6afbefec4f53a60873f7af980291,T2608161821170633338645,622848733128,100.0,2026-08-16 18:21:17,COMPLETED,100.0,,,,,,MS2604151300332429781886,MST2604151738163549185100,More Than Me,Terminal 3,UPI,
M23QCXQVG8XBL,FORWARD_TRANSACTION,,AXIf61990a2fdb44923bb57ffe786e31a01,T2608161821144153743067,622887155942,100.0,2026-08-16 18:21:14,COMPLETED,100.0,,,,,,MS2604151300332429781886,MST2604151738163549185100,More Than Me,Terminal 3,UPI,
M23QCXQVG8XBL,FORWARD_TRANSACTION,,PTM6464413E16C24EB9B05F6812F82BD78C,T2608161809024293784894,312595745316,201.0,2026-08-16 18:09:02,COMPLETED,201.0,,,,,,MS2604151300332429781886,MST2604151738163549185100,More Than Me,Terminal 3,UPI,
M23QCXQVG8XBL,FORWARD_TRANSACTION,TXSCAN2608161802560990391501,AC222608161803074128089254,T2608161803074174545816,186865676325,51.0,2026-08-16 18:03:11,COMPLETED,51.0,,,,,,MS2604151300332429781886,MST2604151738163549185100,More Than Me,Terminal 3,UPI,
M23QCXQVG8XBL,FORWARD_TRANSACTION,,01a00a8ea22174199965caec139f0dd3,T2608161801551641743245,622886516196,10.0,2026-08-16 18:01:55,COMPLETED,10.0,,,,,,MS2604151300332429781886,MST2604151738163549185100,More Than Me,Terminal 3,UPI,
M23QCXQVG8XBL,FORWARD_TRANSACTION,TXSCAN2608161757040334545208,AC222608161757093386033250,T2608161757093442054168,227907120534,251.0,2026-08-16 17:57:12,COMPLETED,251.0,,,,,,MS2604151300332429781886,MST2604151738163549185100,More Than Me,Terminal 3,UPI,
M23QCXQVG8XBL,FORWARD_TRANSACTION,,01a00a895e947aa08b86a45794dd1f24,T2608161756101815203149,622886459199,150.0,2026-08-16 17:56:10,COMPLETED,150.0,,,,,,MS2604151300332429781886,MST2604151738163549185100,More Than Me,Terminal 3,UPI,
M23QCXQVG8XBL,FORWARD_TRANSACTION,TXSCAN2608161749229748067017,AC222608161749344796926824,T2608161749344841078309,237288416633,51.0,2026-08-16 17:49:37,COMPLETED,51.0,,,,,,MS2604151300332429781886,MST2604151738163549185100,More Than Me,Terminal 3,UPI,
M23QCXQVG8XBL,FORWARD_TRANSACTION,,PTMc9b5ea6b1aed4e509657c2855ceb78f8,T2608161711335737514249,622884481665,1000.0,2026-08-16 17:11:33,COMPLETED,1000.0,,,,,,MS2604151300332429781886,MST2604151738163549185100,More Than Me,Terminal 3,UPI,
M23QCXQVG8XBL,FORWARD_TRANSACTION,,ICIaeef7a5237ee41de9314ed7c911a9459,T2608151920576034545759,659351073253,20.0,2026-08-15 19:20:57,COMPLETED,20.0,,,,,,MS2604151300332429781886,MST2604151738163549185100,More Than Me,Terminal 3,UPI,
M23QCXQVG8XBL,FORWARD_TRANSACTION,TXSCAN2608151855105054571443,AC222608151855166529184275,T2608151855166582768446,535291720806,5000.0,2026-08-15 18:55:21,COMPLETED,5000.0,,,,,,MS2604151300332429781886,MST2604151738163549185100,More Than Me,Terminal 3,UPI,
M23QCXQVG8XBL,FORWARD_TRANSACTION,,ICI7cbd33245e934b82bc81e4207ed24cb4,T2608151855107928002327,659383380901,500.0,2026-08-15 18:55:10,COMPLETED,500.0,,,,,,MS2604151300332429781886,MST2604151738163549185100,More Than Me,Terminal 3,UPI,
M23QCXQVG8XBL,FORWARD_TRANSACTION,,PTMed4bc5bab9ae478e93c96ed879800eae,T2608151843469708787787,312528095726,500.0,2026-08-15 18:43:47,COMPLETED,500.0,,,,,,MS2604151300332429781886,MST2604151738163549185100,More Than Me,Terminal 3,UPI,
M23QCXQVG8XBL,FORWARD_TRANSACTION,TXSCAN2608151831012573743063,AC222608151831050870642507,T2608151831050931155536,502375801315,500.0,2026-08-15 18:31:15,COMPLETED,500.0,,,,,,MS2604151300332429781886,MST2604151738163549185100,More Than Me,Terminal 3,UPI,
M23QCXQVG8XBL,FORWARD_TRANSACTION,,622718230058,T2608151828406668227744,622718230058,500.0,2026-08-15 18:28:40,COMPLETED,500.0,,,,,,MS2604151300332429781886,MST2604151738163549185100,More Than Me,Terminal 3,UPI,
M23QCXQVG8XBL,FORWARD_TRANSACTION,TXSCAN2608151827400889726260,AC222608151827442168254132,T2608151827442213215939,548233936972,20.0,2026-08-15 18:27:48,COMPLETED,20.0,,,,,,MS2604151300332429781886,MST2604151738163549185100,More Than Me,Terminal 3,UPI,
M23QCXQVG8XBL,FORWARD_TRANSACTION,,PTM92bbc7d11b4b4450b73ff389347b28b5,T2608151827224612194351,312526477333,10.0,2026-08-15 18:27:22,COMPLETED,10.0,,,,,,MS2604151300332429781886,MST2604151738163549185100,More Than Me,Terminal 3,UPI,
M23QCXQVG8XBL,FORWARD_TRANSACTION,TXSCAN2608151824325450916341,AC222608151824586534777242,T2608151824586580497589,713033366494,200.0,2026-08-15 18:25:01,COMPLETED,200.0,,,,,,MS2604151300332429781886,MST2604151738163549185100,More Than Me,Terminal 3,UPI,
M23QCXQVG8XBL,FORWARD_TRANSACTION,,ICIa472af1ea9b34cdfb19ae41c8e9da0c9,T2608151813152906775740,659339556320,500.0,2026-08-15 18:13:15,COMPLETED,500.0,,,,,,MS2604151300332429781886,MST2604151738163549185100,More Than Me,Terminal 3,UPI,
M23QCXQVG8XBL,FORWARD_TRANSACTION,,ICIWC6BA9097E3C3F4BB7B5444DDBE759F2,T2608151809068980107342,110445119322,251.0,2026-08-15 18:09:07,COMPLETED,251.0,,,,,,MS2604151300332429781886,MST2604151738163549185100,More Than Me,Terminal 3,UPI,
M23QCXQVG8XBL,FORWARD_TRANSACTION,TXSCAN2608151807578916380804,AC222608151808302193706219,T2608151808302245904329,543889511683,251.0,2026-08-15 18:08:35,COMPLETED,251.0,,,,,,MS2604151300332429781886,MST2604151738163549185100,More Than Me,Terminal 3,UPI,
M23QCXQVG8XBL,FORWARD_TRANSACTION,,AXIccce9dc19026468c8f218b08c94d4ba8,T2608151800579788051690,659302055407,500.0,2026-08-15 18:00:58,COMPLETED,500.0,,,,,,MS2604151300332429781886,MST2604151738163549185100,More Than Me,Terminal 3,RCC,
M23QCXQVG8XBL,FORWARD_TRANSACTION,TXSCAN2608151755432107365219,AC222608151755563618254533,T2608151755563689254208,396996553114,2100.0,2026-08-15 17:56:00,COMPLETED,2100.0,,,,,,MS2604151300332429781886,MST2604151738163549185100,More Than Me,Terminal 3,UPI,
M23QCXQVG8XBL,FORWARD_TRANSACTION,,SBId9bcc7e2471049ad8212c8c5a0368e2b,T2608151750195655158485,622741071387,109.0,2026-08-15 17:50:19,COMPLETED,109.0,,,,,,MS2604151300332429781886,MST2604151738163549185100,More Than Me,Terminal 3,UPI,
M23QCXQVG8XBL,FORWARD_TRANSACTION,,PTM2633176ae2fd4f00a1bef6b3cfd25092,T2608151731214048199386,622775363316,51.0,2026-08-15 17:31:21,COMPLETED,51.0,,,,,,MS2604151300332429781886,MST2604151738163549185100,More Than Me,Terminal 3,UPI,
M23QCXQVG8XBL,FORWARD_TRANSACTION,TXSCAN2608151728108068546136,AC222608151728274260033332,T2608151728274334243926,995751065510,501.0,2026-08-15 17:28:31,COMPLETED,501.0,,,,,,MS2604151300332429781886,MST2604151738163549185100,More Than Me,Terminal 3,UPI,
M23QCXQVG8XBL,FORWARD_TRANSACTION,,SMTXXRKNMU1OPJJ6879J1EZR2S68JV3RNUW,T2608151727471525672801,659325162641,400.0,2026-08-15 17:27:47,COMPLETED,400.0,,,,,,MS2604151300332429781886,MST2604151738163549185100,More Than Me,Terminal 3,UPI,
M23QCXQVG8XBL,FORWARD_TRANSACTION,,ICI04ae1debc0c94dd2ad12af20a6906369,T2608151722507778323550,659301761820,100.0,2026-08-15 17:22:50,COMPLETED,100.0,,,,,,MS2604151300332429781886,MST2604151738163549185100,More Than Me,Terminal 3,UPI,
M23QCXQVG8XBL,FORWARD_TRANSACTION,,PTM3105927A6EC149778958D32690A51F2A,T2608151720049520659574,213277110218,1100.0,2026-08-15 17:20:05,COMPLETED,1100.0,,,,,,MS2604151300332429781886,MST2604151738163549185100,More Than Me,Terminal 3,UPI,
M23QCXQVG8XBL,FORWARD_TRANSACTION,TXSCAN2608151655017029254390,AC222608151655077450642098,T2608151655077499726351,051587237591,500.0,2026-08-15 16:55:10,COMPLETED,500.0,,,,,,MS2604151300332429781886,MST2604151738163549185100,More Than Me,Terminal 3,UPI,
M23QCXQVG8XBL,FORWARD_TRANSACTION,,PTMEB959D4936814D9D88581F2AD0E6D6FB,T2608151644337731325576,622725395981,1000.0,2026-08-15 16:44:33,COMPLETED,1000.0,,,,,,MS2604151300332429781886,MST2604151738163549185100,More Than Me,Terminal 3,UPI,
M23QCXQVG8XBL,FORWARD_TRANSACTION,,ICI8feec5f2eb1d461e9fd7459ff2658953,T2608151627404417607433,659343249160,1001.0,2026-08-15 16:27:40,COMPLETED,1001.0,,,,,,MS2604151300332429781886,MST2604151738163549185100,More Than Me,Terminal 3,UPI,
M23QCXQVG8XBL,FORWARD_TRANSACTION,TXSCAN2608142031577288198194,AC222608142031593594856938,T2608142031593658535489,838057408110,1.0,2026-08-14 20:32:01,COMPLETED,1.0,,,,,,MS2604151300332429781886,MST2604151738163549185100,More Than Me,Terminal 3,RCC,
M23QCXQVG8XBL,FORWARD_TRANSACTION,,NEF5029d45fcb3d4388a9311afdf4152d2e,T2608142031554366889386,622654296735,1.0,2026-08-14 20:31:55,COMPLETED,1.0,,,,,,MS2604151300332429781886,MST2604151738163549185100,More Than Me,Terminal 3,UPI,
M23QCXQVG8XBL,FORWARD_TRANSACTION,,NEFd3f4c88f51384993a7a675a0bd0e6e73,T2608142031031717775358,622614446619,1.0,2026-08-14 20:31:03,COMPLETED,1.0,,,,,,MS2604151300332429781886,MST2604151738163549185100,More Than Me,Terminal 3,UPI,
M23QCXQVG8XBL,FORWARD_TRANSACTION,TXSCAN2608142030165299650658,AC222608142030192592256788,T2608142030192643215318,646941807856,1.0,2026-08-14 20:30:21,COMPLETED,1.0,,,,,,MS2604151300332429781886,MST2604151738163549185100,More Than Me,Terminal 3,RCC,
M23QCXQVG8XBL,FORWARD_TRANSACTION,TXSCAN2608141952372864528921,AC222608141952393933706146,T2608141952394014210547,665802841214,1.0,2026-08-14 19:52:42,ERRORED,1.0,,,,,,MS2604151300332429781886,MST2604151738163549185100,More Than Me,Terminal 3,RCC,
M23QCXQVG8XBL,FORWARD_TRANSACTION,TXSCAN2608141948551564898901,AC222608141949047610305701,T2608141949047660939194,059030971579,1.0,2026-08-14 19:49:07,ERRORED,1.0,,,,,,MS2604151300332429781886,MST2604151738163549185100,More Than Me,Terminal 3,UPI,
M23QCXQVG8XBL,FORWARD_TRANSACTION,TXSCAN2608141948327505090965,AC222608141948352508089589,T2608141948352568051783,177464721348,1.0,2026-08-14 19:48:37,ERRORED,1.0,,,,,,MS2604151300332429781886,MST2604151738163549185100,More Than Me,Terminal 3,RCC,
M23QCXQVG8XBL,FORWARD_TRANSACTION,TXSCAN2608141946188664683850,AC222608141946271252584609,T2608141946271315591210,836810458549,1.0,2026-08-14 19:46:36,COMPLETED,1.0,,,,,,MS2604151300332429781886,MST2604151738163549185100,More Than Me,Terminal 3,UPI,
M23QCXQVG8XBL,FORWARD_TRANSACTION,TXSCAN2608141945142670307832,AC222608141945166240033535,T2608141945166396122459,102481835004,1.0,2026-08-14 19:45:19,ERRORED,1.0,,,,,,MS2604151300332429781886,MST2604151738163549185100,More Than Me,Terminal 3,RCC,
M23QCXQVG8XBL,FORWARD_TRANSACTION,TXSCAN2608141941545260903009,AC222608141941564779184332,T2608141941564856610718,779508776616,1.0,2026-08-14 19:41:59,ERRORED,1.0,,,,,,MS2604151300332429781886,MST2604151738163549185100,More Than Me,Terminal 3,RCC,
M23QCXQVG8XBL,FORWARD_TRANSACTION,TXSCAN2608141616008254778929,AC222608141616118809381470,T2608141616118845702709,781850520550,1.0,2026-08-14 16:16:15,COMPLETED,1.0,,,,,,MS2604151300332429781886,MST2604151738163549185100,More Than Me,Terminal 3,UPI,
M23QCXQVG8XBL,FORWARD_TRANSACTION,TXSCAN2608041634405320339029,AC222608041634530511447733,T2608041634530573399031,395398509574,1.0,2026-08-04 16:34:58,COMPLETED,1.0,,,,,,MS2604151300332429781886,MST2604151738163549185100,More Than Me,Terminal 3,UPI,
M23QCXQVG8XBL,FORWARD_TRANSACTION,,205517426713,T2607262055174860034242,205517394173,200.0,2026-07-26 20:55:17,COMPLETED,200.0,,,,,,MS2604151300332429781886,MST2604151738163549185100,More Than Me,Terminal 3,UPI,
M23QCXQVG8XBL,FORWARD_TRANSACTION,,PTMa24f67c4ea944089b8899aebc0fb3f2d,T2607262055170688174980,311183513163,200.0,2026-07-26 20:55:17,COMPLETED,200.0,,,,,,MS2604151300332429781886,MST2604151738163549185100,More Than Me,Terminal 3,UPI,
M23QCXQVG8XBL,FORWARD_TRANSACTION,TXSCAN2605122206406538842661,AC222605122206536869990385,T2605122206536918005227,484134165247,1.0,2026-05-12 22:06:57,COMPLETED,1.0,,,,,,MS2604151300332429781886,MST2604151738163549185100,More Than Me,Terminal 3,UPI,
M23QCXQVG8XBL,FORWARD_TRANSACTION,,NEF6238ed3c39e04eb0a3f4246cd7168fd2,T2604280239381599076641,611754897095,30.0,2026-04-28 02:39:38,COMPLETED,30.0,,,,,,MS2604151300332429781886,MST2604151738163549185100,More Than Me,Terminal 3,UPI,
M23QCXQVG8XBL,FORWARD_TRANSACTION,TXSCAN2604280134204230366001,AC222604280135110490166721,T2604280135110556642078,454859892641,10.0,2026-04-28 01:35:14,COMPLETED,10.0,,,,,,MS2604151300332429781886,MST2604151754028988993091,More Than Me,Terminal 4,UPI,
M23QCXQVG8XBL,FORWARD_TRANSACTION,,NEFdd8d7ea91f974e7c8aacc0221debb1f3,T2604272202575458491283,611780134096,1.0,2026-04-27 22:02:57,COMPLETED,1.0,,,,,,MS2604151300332429781886,MST2604151754028988993091,More Than Me,Terminal 4,UPI,
M23QCXQVG8XBL,FORWARD_TRANSACTION,TXSCAN2604261259000789363432,AC222604261259110132213197,T2604261259110207593458,479205416059,1000.0,2026-04-26 12:59:14,COMPLETED,1000.0,,,,,,MS2604151300332429781886,MST2604151738163549185100,More Than Me,Terminal 3,UPI,
M23QCXQVG8XBL,FORWARD_TRANSACTION,TXSCAN2604250836112491738334,AC222604250836245676412942,T2604250836245725514416,214713233029,50.0,2026-04-25 08:36:26,COMPLETED,50.0,,,,,,MS2604151300332429781886,MST2604151754028988993091,More Than Me,Terminal 4,UPI,
M23QCXQVG8XBL,FORWARD_TRANSACTION,TXSCAN2604160304267272745245,AC222604160304319289902767,T2604160304319352395868,536768572631,1.0,2026-04-16 03:04:34,COMPLETED,1.0,,,,,,MS2604151300332429781886,MST2604151738163549185100,More Than Me,Terminal 3,UPI,
M23QCXQVG8XBL,FORWARD_TRANSACTION,TXSCAN2604160011243067636641,AC222604160011272008591032,T2604160011272053762102,323811208421,1.0,2026-04-16 00:11:30,COMPLETED,1.0,,,,,,MS2604151300332429781886,MST2604151738163549185100,More Than Me,Terminal 3,RCC,
M23QCXQVG8XBL,FORWARD_TRANSACTION,TXSCAN2604151754258473219254,AC222604151754342642556464,T2604151754342684637252,979205811022,1.0,2026-04-15 17:54:36,COMPLETED,1.0,,,,,,MS2604151300332429781886,MST2604151754028988993091,More Than Me,Terminal 4,UPI,
M23QCXQVG8XBL,FORWARD_TRANSACTION,TXSCAN2604151754229998147738,AC222604151754263331477356,T2604151754263373761937,205131395276,1.0,2026-04-15 17:54:29,COMPLETED,1.0,,,,,,MS2604151300332429781886,MST2604151754028988993091,More Than Me,Terminal 4,UPI,
M23QCXQVG8XBL,FORWARD_TRANSACTION,TXSCAN2604151749355196457936,AC222604151749382989902430,T2604151749383031291555,840671765013,1.0,2026-04-15 17:49:41,COMPLETED,1.0,,,,,,MS2604151300332429781886,MST2604151738099180977094,More Than Me,Terminal 1,UPI,
